{
    "Ofgy": 363125.79440746264,
    "Yhzi": 802281.7076248769,
    "Uwhe": 616.0,
    "Ibhyc": 145676.0,
    "Ahlicd": 364248.60872445046,
    "Imkub": 363125.79440746264,
    "Ubbixhu": 802281.7076248769,
    "Iqla": 616.0,
    "Iwqizr": 145676.0,
    "Angyq": 364248.60872445046,
    "Ihty": 363125.79440746264,
    "Ytfotd": 802281.7076248769,
    "Ozhyc": 616.0,
    "Yvdez": 145676.0,
    "Afrec": 364248.60872445046,
    "Igvyz": 363125.79440746264,
    "Imsy": 802281.7076248769,
    "Ymnys": 616.0,
    "Uszo": 145676.0,
    "Edzaqfa": 364248.60872445046,
    "Iqcirmy": 363125.79440746264,
    "Abgesfa": 802281.7076248769,
    "Ibcisw": 616.0,
    "Uwdo": 145676.0,
    "Ivfefle": 364248.60872445046,
    "Akfokq": 363125.79440746264,
    "Axzuz": 802281.7076248769,
    "Uccazx": 616.0,
    "Ekse": 145676.0,
    "Itgym": 364248.60872445046,
    "Efretv": 363125.79440746264,
    "Ickobl": 802281.7076248769,
    "Ebkix": 616.0,
    "Yckexl": 145676.0,
    "Ybbiw": 364248.60872445046,
    "Ilwy": 363125.79440746264,
    "Ybhewdi": 802281.7076248769,
    "Omxoqz": 616.0,
    "Arbawfa": 145676.0,
    "Yvceqh": 364248.60872445046,
    "Exkyv": 363125.79440746264,
    "Oxlez": 802281.7076248769,
    "Uwqox": 616.0,
    "Utme": 145676.0,
    "Yxqah": 364248.60872445046,
    "Omqug": 363125.79440746264,
    "Ysbi": 802281.7076248769,
    "Ogbur": 616.0,
    "Efzyj": 145676.0,
    "Yvxa": 364248.60872445046,
    "Ixqas": 363125.79440746264,
    "Efnymk": 802281.7076248769,
    "Adko": 616.0,
    "Amgixw": 145676.0,
    "Yxhyj": 364248.60872445046,
    "Ocnel": 363125.79440746264,
    "Yxzixz": 802281.7076248769,
    "Olhicnu": 616.0,
    "Ahlyht": 145676.0,
    "Elfatno": 364248.60872445046,
    "Ojwi": 363125.79440746264,
    "Ofry": 802281.7076248769,
    "Abmyrt": 616.0,
    "Yqrixr": 145676.0,
    "Alnucje": 364248.60872445046,
    "Exdebqo": 363125.79440746264,
    "Ansir": 802281.7076248769,
    "Uldo": 616.0,
    "Ulqu": 145676.0,
    "Ocji": 364248.60872445046,
    "Adbozra": 363125.79440746264,
    "Ibky": 802281.7076248769,
    "Yzhush": 616.0,
    "Odby": 145676.0,
    "Ekcos": 364248.60872445046,
    "Orni": 363125.79440746264,
    "Alzaqf": 802281.7076248769,
    "Osrekre": 616.0,
    "Etmyqfy": 145676.0,
    "Ikko": 364248.60872445046,
    "Effo": 363125.79440746264,
    "Iqqo": 802281.7076248769,
    "Ulgakb": 616.0,
    "Ekke": 145676.0,
    "Uwby": 364248.60872445046,
    "Ucsam": 363125.79440746264,
    "Ofqaxv": 802281.7076248769,
    "Ufwyl": 616.0,
    "Osre": 145676.0,
    "Akka": 364248.60872445046,
    "Iljuqs": 363125.79440746264,
    "Elfazc": 802281.7076248769,
    "Uxgeqk": 616.0,
    "Ivbyc": 145676.0,
    "Edbehv": 364248.60872445046,
    "Ubkatzy": 363125.79440746264,
    "Orbaj": 802281.7076248769,
    "Uddojs": 616.0,
    "Ofwukv": 145676.0,
    "Ikjydk": 364248.60872445046,
    "Idcu": 363125.79440746264,
    "Avki": 802281.7076248769,
    "Ulliqr": 616.0,
    "Ixvonvy": 145676.0,
    "Irgu": 364248.60872445046,
    "Ogwabwe": 363125.79440746264,
    "Iwjobze": 802281.7076248769,
    "Ugdil": 616.0,
    "Uksu": 145676.0,
    "Owla": 364248.60872445046,
    "Ettug": 363125.79440746264,
    "Ikjoqme": 802281.7076248769,
    "Ozkezmy": 616.0,
    "Ugte": 145676.0,
    "Ekro": 364248.60872445046,
    "Ogkuhv": 363125.79440746264,
    "Acru": 802281.7076248769,
    "Yhnalg": 616.0,
    "Atwamro": 145676.0,
    "Acfylvy": 364248.60872445046,
    "Ohme": 363125.79440746264,
    "Ystynb": 802281.7076248769,
    "Urwodqu": 616.0,
    "Uvde": 145676.0,
    "Axwuqsy": 364248.60872445046,
    "Emto": 363125.79440746264,
    "Enciwqi": 802281.7076248769,
    "Ohku": 616.0,
    "Urje": 145676.0,
    "Acbo": 364248.60872445046,
    "Ymnydwe": 363125.79440746264,
    "Ijzazg": 802281.7076248769,
    "Ondywxu": 616.0,
    "Ancukta": 145676.0,
    "Uwco": 364248.60872445046,
    "Utcewf": 363125.79440746264,
    "Eqlij": 802281.7076248769,
    "Ollodcy": 616.0,
    "Ymvu": 145676.0,
    "Egfeljy": 364248.60872445046,
    "Ybkudna": 363125.79440746264,
    "Ozwu": 802281.7076248769,
    "Ewnugn": 616.0,
    "Axwi": 145676.0,
    "Efjyb": 364248.60872445046,
    "Ofrydmu": 363125.79440746264,
    "Ahhirh": 802281.7076248769,
    "Ysve": 616.0,
    "Azce": 145676.0,
    "Edhel": 364248.60872445046,
    "Yvne": 363125.79440746264,
    "Uwbo": 802281.7076248769,
    "Erku": 616.0,
    "Yzryrcu": 145676.0,
    "Yvxogn": 364248.60872445046,
    "Uhcem": 363125.79440746264,
    "Aqjebg": 802281.7076248769,
    "Esgubm": 616.0,
    "Ingolq": 145676.0,
    "Ohvy": 364248.60872445046,
    "Iwky": 363125.79440746264,
    "Azsilk": 802281.7076248769,
    "Ebmo": 616.0,
    "Ikgujxa": 145676.0,
    "Etzajq": 364248.60872445046,
    "Yqva": 363125.79440746264,
    "Ozryxk": 802281.7076248769,
    "Athuw": 616.0,
    "Ighujn": 145676.0,
    "Inlyhqo": 364248.60872445046,
    "Yxxuxh": 363125.79440746264,
    "Ezzuvm": 802281.7076248769,
    "Azreqra": 616.0,
    "Udtefs": 145676.0,
    "Ohced": 364248.60872445046,
    "Eclebg": 363125.79440746264,
    "Ygxih": 802281.7076248769,
    "Anwiglo": 616.0,
    "Oddy": 145676.0,
    "Irnohvi": 364248.60872445046,
    "Itcomzo": 363125.79440746264,
    "Ijtoq": 802281.7076248769,
    "Ajzexsu": 616.0,
    "Adco": 145676.0,
    "Ommewno": 364248.60872445046,
    "Urki": 363125.79440746264,
    "Icdek": 802281.7076248769,
    "Acgy": 616.0,
    "Axmaq": 145676.0,
    "Uttad": 364248.60872445046,
    "Eztotxa": 363125.79440746264,
    "Oxgyr": 802281.7076248769,
    "Iwda": 616.0,
    "Ezgolvo": 145676.0,
    "Ovzetgy": 364248.60872445046,
    "Iwnukfu": 363125.79440746264,
    "Otru": 802281.7076248769,
    "Ylxubv": 616.0,
    "Ajda": 145676.0,
    "Ulci": 364248.60872445046
  }